{"cameraMode":{"drawMode":0,"name":"Shaded","section":"Shading Mode"},"sceneLighting":true,"audioPlay":false,"sceneViewState":{"m_AlwaysRefresh":false,"showFog":true,"showSkybox":true,"showFlares":true,"showImageEffects":true,"showParticleSystems":true,"showVisualEffectGraphs":true,"m_FxEnabled":true},"in2DMode":false,"pivot":{"x":340.8014221191406,"y":209.37413024902345,"z":21.926910400390626},"rotation":{"x":0.0003093297127634287,"y":-0.004504870623350143,"z":0.0000012503777497840929,"w":0.9999911189079285},"size":240.72035217285157,"orthographic":false}